Idx,Name,Email,IC,PhoneNum,HireDate,BirthDate
1,Frank Johnson,qkwtv@consultingfirm.net,S1754299L,(79)-32118966,9/3/1987,9/12/1998
2,Grace Lee,voabp@softwaredev.com,S2495281Y,(75)-60536119,14/1/1993,29/12/1994
3,Henry Adams,sjvit@innovatech.io,S6190344B,(76)-18837574,13/11/1986,15/12/1985
4,Eve Brown,dkhzy@healthcareplus.org,S6714771C,(11)-43795543,3/9/1996,23/6/1984
5,Eve Brown,yzdqi@marketplace.biz,S6351711Y,(75)-72256520,31/1/1978,8/4/1974
6,Carol White,bodey@innovatech.io,S3818194F,(70)-82266698,8/8/1993,12/5/1987
7,Jane White,cnmam@innovatech.io,S8566435T,(31)-37007071,2/7/1977,30/12/1989
8,Henry White,ojipx@techcorp.com,S3994947V,(79)-23900913,11/11/1986,14/7/1984
9,Henry Johnson,nwtrj@softwaredev.com,S9085419T,(30)-60760992,11/6/1974,15/8/1970
10,Carol Brown,jztxi@techcorp.com,S4335497O,(73)-07636602,20/1/1977,9/3/1970
11,Alice Smith,oxtdt@businessinc.net,S2874438W,(32)-99535281,26/12/1985,7/8/1972
12,Carol Black,rmxcn@webservices.org,S5126881B,(77)-47934303,2/2/1977,16/12/1981
13,Alice Lee,gprum@healthcareplus.org,S2848066A,(36)-26430067,30/4/1981,11/5/1987
14,John White,yxtrj@financesolutions.com,S9813767T,(62)-19432985,28/6/1997,26/6/1997
15,Jane Smith,xondf@webservices.org,S1935739Y,(40)-17467156,10/6/1991,24/9/1985
16,Grace Johnson,upgvm@webservices.org,S7061107M,(34)-62703816,25/8/1995,23/6/1995
17,Grace Harris,ooqle@webservices.org,S4639297P,(53)-24939104,11/7/1984,21/7/2000
18,Bob White,anqwc@marketplace.biz,S9847904R,(90)-48249148,20/6/1987,24/11/1974
19,Eve Johnson,voxlc@webservices.org,S7186600X,(76)-48108455,14/5/1997,6/11/1988
20,Henry Black,ksukh@logistics.co,S9804148G,(82)-89358624,8/6/1983,14/1/1995
21,Alice Doe,cqxag@financesolutions.com,S3132549L,(40)-15638416,3/9/1996,9/3/1972
22,Carol Adams,darxm@webservices.org,S9674195L,(15)-87651281,20/6/1987,9/7/1973
23,Grace Johnson,rbmxx@financesolutions.com,S8700925I,(88)-95803606,16/11/1973,26/6/1997
24,Carol Lee,nyncz@techcorp.com,S6111184X,(34)-36730817,3/9/1996,26/6/1997
25,Alice Black,cklai@logistics.co,S0207539N,(48)-32282616,7/1/1972,7/8/1972
26,Frank Black,cqmdq@healthcareplus.org,S7031195P,(65)-98693581,28/6/1997,14/5/2000
27,Eve Brown,jyxuw@marketplace.biz,S1962314N,(15)-16079846,20/6/1987,15/8/1970
28,Grace Lee,yozqa@healthcareplus.org,S7986587H,(12)-39271200,9/12/1974,15/8/1970
29,Jane Smith,qqlob@businessinc.net,S8159025K,(71)-30581117,3/9/1996,9/3/1970
30,John Brown,jcrjt@consultingfirm.net,S6383475P,(35)-42849623,10/6/1991,11/5/1987
31,John White,fzuiz@healthcareplus.org,S8083112I,(61)-51359178,5/1/1979,15/1/1980
32,David Green,xvlsw@financesolutions.com,S0073841R,(58)-02360181,18/1/1976,14/1/1995
33,Eve Harris,prtoy@consultingfirm.net,S3850860C,(71)-23769480,12/5/1999,2/7/1989
34,Grace Harris,xhhtl@businessinc.net,S3496712C,(63)-12493202,3/2/1987,9/3/1972
35,Henry Smith,mybkc@logistics.co,S6501036I,(15)-71453449,11/11/1986,9/3/1970
36,Grace Lee,epbpn@webservices.org,S4183813D,(99)-77878764,16/11/1973,11/10/1993
37,Bob Lee,xuyby@consultingfirm.net,S1692537H,(14)-37233946,2/10/1982,21/7/2000
38,Jane Green,niycl@innovatech.io,S3321740E,(97)-58803683,20/3/2000,19/8/1994
39,Carol Harris,pqaqz@webservices.org,S8256721P,(22)-70895858,26/5/1973,1/5/1985
40,Frank Lee,fzyrb@marketplace.biz,S7743904P,(67)-15418454,5/1/1979,6/9/1971
41,Henry Smith,ydtxm@consultingfirm.net,S5027066P,(49)-85419571,9/10/1980,12/5/1987
42,Jane Doe,ywhba@techcorp.com,S6434318J,(47)-14783997,24/1/1997,29/9/1979
43,Frank Doe,uachn@consultingfirm.net,S2132744L,(71)-40568010,15/8/1993,28/9/1975
44,John Smith,dfigc@marketplace.biz,S5552115O,(63)-41595843,3/9/1996,8/7/1983
45,Grace Smith,ecwsx@webservices.org,S5045003A,(72)-29206305,3/9/1996,30/10/1971
46,Eve Brown,opdsj@techcorp.com,S3097344K,(15)-01487223,7/1/1972,15/8/1970
47,John Adams,dahai@techcorp.com,S9722129A,(47)-25002142,8/7/1977,27/9/1974
48,John Johnson,upbdj@softwaredev.com,S5696062F,(36)-79717904,4/6/1977,22/2/1987
49,Grace Green,bcklm@logistics.co,S3036938M,(42)-66154117,8/6/1983,14/5/2000
50,Bob Smith,wgsiv@healthcareplus.org,S8874289Q,(92)-54539512,19/6/1985,29/12/1994
